ID,内部名称,英文名,中文名,描述(英),描述(中),初始等级,尺寸,等级,最大生命值,声望,英雄,标签,隐藏标签,战斗金币,胜利金币,胜利经验,失败金币,失败经验,选择经验,生成资格,推进小时,单次生成,模板ID,卡牌包,技能1(英),技能1(中),技能2(英),技能2(中),技能3(英),技能3(中),装备物品1,装备物品1等级,装备物品2,装备物品2等级,装备物品3,装备物品3等级,装备物品4,装备物品4等级,装备物品5,装备物品5等级,装备技能1,装备技能1等级,装备技能2,装备技能2等级,装备技能3,装备技能3等级
fb2e242e-daf3-4771-bede-21b3adf03739,Awakened District,Awakened District,觉醒街区,,,Legendary / 传奇,Medium / 中型,15,4000,50,Common / 通用,,,17,17,5,0,0,1,Always / 总是,True,False,8cf3c8cc-2d9e-4f10-b133-711e0fec7039,Core,,,,,,,景观楼,Gold / 黄金,街区之魂,Diamond / 钻石,摩空大楼,Gold / 黄金,露台,Gold / 黄金,,,繁荣昌盛,Diamond / 钻石,,,,
62d59e46-31cc-411d-af27-0f3bf82ca57b,Big Bad Wolf,Big Bad Wolf,大坏狼,,,Bronze / 青铜,Medium / 中型,0,0,0,Common / 通用,,,5,5,2,0,1,1,Always / 总是,True,False,fa5f844d-d23a-4611-98d1-38fb7f6e6535,Core,,,,,,,,,,,,,,,,,,,,,,
74173ad7-8fea-442d-a7ec-ba0b604629c9,Bloodreef Captain (Bronze),Bloodreef Captain,血礁船长,,,Bronze / 青铜,Medium / 中型,10,2200,50,Common / 通用,,,12,12,1,0,0,1,Always / 总是,True,False,fdcb435f-d6c4-4657-81b5-1888e8eefe5a,Core,,,,,,,船舵,Gold / 黄金,鸦巢,Gold / 黄金,旗舰,Gold / 黄金,燃烧响炮,Silver / 白银,鹦鹉皮特,Gold / 黄金,全副武装,Gold / 黄金,,,,
7590dbeb-8087-4464-90f0-96aeee910186,Bloodreef Captain (Silver),Bloodreef Captain,血礁船长,,,Silver / 白银,Medium / 中型,10,2200,50,Common / 通用,,,11,11,2,0,0,1,Always / 总是,True,False,fdcb435f-d6c4-4657-81b5-1888e8eefe5a,Core,,,,,,,船舵,Gold / 黄金,鸦巢,Gold / 黄金,旗舰,Gold / 黄金,燃烧响炮,Silver / 白银,鹦鹉皮特,Gold / 黄金,全副武装,Gold / 黄金,,,,
85902df4-6926-40a3-affc-537c55e89b86,Bloodreef Raider (Silver),Bloodreef Raider,血礁奇兵,,,Silver / 白银,Medium / 中型,5,500,50,Common / 通用,,,6,6,2,0,0,1,Always / 总是,True,False,c4488147-71e7-4383-95d7-f96910221060,Core,,,,,,,零钱,Gold / 黄金,鸦巢,Gold / 黄金,Powder Flask,Silver / 白银,左轮手枪,Silver / 白银,炮弹,Silver / 白银,弹药储存箱,Silver / 白银,,,,
6129261a-c4e5-4ff9-b057-58ae1ef29bf7,Bloodreef Raider (Bronze),Bloodreef Raider,血礁奇兵,,,Bronze / 青铜,Medium / 中型,5,500,50,Common / 通用,,,7,7,1,0,0,1,Always / 总是,True,False,c4488147-71e7-4383-95d7-f96910221060,Core,,,,,,,零钱,Gold / 黄金,鸦巢,Gold / 黄金,Powder Flask,Silver / 白银,左轮手枪,Silver / 白银,炮弹,Silver / 白银,弹药储存箱,Silver / 白银,,,,
4a4542cd-91d8-4463-84fc-c111fc7535ee,Boilerroom Brawler,Boilerroom Brawler,锅炉斗士,,,Bronze / 青铜,Medium / 中型,4,300,50,Common / 通用,,,6,6,1,0,0,1,Always / 总是,True,False,7719b6d8-7977-4d49-88a2-da29a19ad235,Core,,,,,,,废料,Bronze / 青铜,锤子,Silver / 白银,扳手,Silver / 白银,工具箱,Bronze / 青铜,瑞士军刀,Silver / 白银,修理时间,Bronze / 青铜,,,,
4ccdd72f-cfce-4ea6-9bda-caabd5b0fbf8,Boss Harrow,Boss Harrow,哈洛老大,,,Bronze / 青铜,Medium / 中型,10,2100,50,Common / 通用,,,12,12,1,0,0,1,Always / 总是,True,False,518bd4b2-97f4-44f9-8b74-933962339751,Core,,,,,,,弱点探测器,Gold / 黄金,符文双射弓,Gold / 黄金,刺刀,Silver / 白银,抓钩,Silver / 白银,十手,Gold / 黄金,突击专注,Bronze / 青铜,,,,
0f0b2074-06d7-4aea-a5aa-9e603602215a,Bounty Hunter Fight,Bounty Hunter,赏金猎人,,,Diamond / 钻石,Medium / 中型,9,1200,50,Common / 通用,,,9,9,4,0,0,1,GuidOnly / 仅引导,False,True,622b8e58-b073-4c75-9d57-322d0f16435d,Core,,,,,,,左轮手枪,Gold / 黄金,投掷捕兽网,Gold / 黄金,左轮手枪,Gold / 黄金,弯刀,Silver / 白银,通缉海报,Silver / 白银,伏击,Diamond / 钻石,,,,
78c335a6-42bc-45e2-a8e7-e9a1dce7502d,Cloudtop Officer,Cloudtop Officer,云顶军官,,,Bronze / 青铜,Medium / 中型,8,1200,50,Common / 通用,,,4,4,2,0,1,1,Never / 从不,True,False,9af5fe85-c06f-4227-906c-e5f8df83a0fd,Core,,,,,,,气压步枪,Gold / 黄金,海拔计,Gold / 黄金,作战气球,Silver / 白银,螺旋桨,Silver / 白银,系绳,Gold / 黄金,盾击,Bronze / 青铜,,,,
289ff978-dd65-4484-b905-8ee16d28033c,Coconut Crab,Coconut Crab,椰子蟹,,,Bronze / 青铜,Medium / 中型,2,100,50,Common / 通用,,,4,4,1,0,0,1,Always / 总是,True,False,2e9ed78c-6070-4802-9e98-e1090fe5bd78,Core,,,,,,,椰子,Silver / 白银,碾骨爪,Bronze / 青铜,海螺壳,Silver / 白银,椰子,Silver / 白银,,,硬壳,Bronze / 青铜,,,,
723f8e17-6885-45b4-b38f-186abb3277c8,Cosmic Roc (Bronze),Cosmic Roc,宇宙鹏鸟,,,Bronze / 青铜,Medium / 中型,8,1200,50,Common / 通用,,,10,10,1,0,0,1,Always / 总是,True,False,e38c6e90-e0b3-495f-9d18-9facf49a336f,Core,,,,,,,羽毛,Gold / 黄金,宇宙护符,Gold / 黄金,宇宙炫羽,Silver / 白银,利爪,Bronze / 青铜,利爪,Bronze / 青铜,宇宙风,Gold / 黄金,,,,
a48cb3e2-1ae2-4d37-aaee-e6f7af7e2404,Cosmic Roc (Silver),Cosmic Roc,宇宙鹏鸟,,,Silver / 白银,Medium / 中型,8,1200,50,Common / 通用,,,9,9,2,0,0,1,Always / 总是,True,False,e38c6e90-e0b3-495f-9d18-9facf49a336f,Core,,,,,,,羽毛,Gold / 黄金,宇宙护符,Gold / 黄金,宇宙炫羽,Silver / 白银,利爪,Bronze / 青铜,利爪,Bronze / 青铜,宇宙风,Gold / 黄金,,,,
8d8c7a87-404b-4bbd-82e1-3c6e3440bdd6,Covetous Thief (Bronze),Covetous Thief,贪婪窃贼,,,Bronze / 青铜,Medium / 中型,3,175,50,Common / 通用,,,5,5,2,0,0,1,Always / 总是,True,False,924c56d7-1a5e-4e57-a6b2-bb0c2362980e,Core,,,,,,,零钱,Silver / 白银,伪装,Gold / 黄金,暗影斗篷,Bronze / 青铜,藏刃匕首,Silver / 白银,,,扒手,Bronze / 青铜,,,,
66245d12-d5eb-4c08-9185-6ddaf626bbd3,Covetous Thief (Silver),Covetous Thief,贪婪窃贼,,,Silver / 白银,Medium / 中型,3,175,50,Common / 通用,,,4,4,2,0,0,1,Always / 总是,True,False,924c56d7-1a5e-4e57-a6b2-bb0c2362980e,Core,,,,,,,零钱,Silver / 白银,伪装,Gold / 黄金,暗影斗篷,Bronze / 青铜,藏刃匕首,Silver / 白银,,,扒手,Bronze / 青铜,,,,
8e389a21-9e14-49c4-bdf3-24183f9f9295,Dabbling Apprentice,Dabbling Apprentice,初学学徒,,,Bronze / 青铜,Medium / 中型,3,180,50,Common / 通用,,,5,5,1,0,0,1,Always / 总是,True,False,f0d347b0-2e9a-46da-9d82-45b65244b0f4,Core,,,,,,,铅块,Bronze / 青铜,瓶装闪电,Silver / 白银,塔兹迪亚匕首,Bronze / 青铜,火焰药水,Silver / 白银,铅块,Bronze / 青铜,恐慌,Bronze / 青铜,,,,
4a79c53d-c32b-4676-b88a-295a0c33ddce,Dingle Ingle,Dingle Ingle,,,,Bronze / 青铜,Medium / 中型,0,0,0,Common / 通用,,,5,5,2,0,1,1,Always / 总是,True,False,00000000-0000-0000-0000-000000000000,Core,,,,,,,,,,,,,,,,,,,,,,
78139f32-94b1-4dc6-9ef0-374c3c8863a7,Dire Inglet,Dire Inglet,英格恐狼,,,Bronze / 青铜,Medium / 中型,6,800,50,Common / 通用,,,8,8,1,0,0,1,Always / 总是,True,False,626224f6-4aea-458f-8947-86a4798de419,Core,,,,,,,兽皮,Silver / 白银,断裂镣铐,Gold / 黄金,利爪,Silver / 白银,Obsidian Fang,Silver / 白银,Obsidian Fang,Silver / 白银,好战,Bronze / 青铜,,,,
bc5fa0a4-8ca9-4384-a283-9c7c84b27169,Dire Mosquito,Dire Mosquito,恶蚊,,,Bronze / 青铜,Medium / 中型,6,750,50,Common / 通用,,,8,8,1,0,0,1,Always / 总是,True,False,fd181d89-0706-4220-bb95-637af574b61b,Core,,,,,,,虫翅,Silver / 白银,虫翅,Silver / 白银,琥珀,Silver / 白银,口器,Silver / 白银,神经毒素,Silver / 白银,麻痹突袭,Bronze / 青铜,,,,
d0202706-46dc-4c65-bf87-5e4ab63632ec,Dragon,Dragon,巨龙,,,Legendary / 传奇,Medium / 中型,13,3800,50,Common / 通用,,,15,15,5,0,0,1,Always / 总是,True,False,58ba322d-a76c-4106-b91c-37ea207353a0,Core,,,,,,,巨龙翼,Silver / 白银,火爪,Gold / 黄金,巨龙牙,Gold / 黄金,巨龙心,Diamond / 钻石,巨龙牙,Gold / 黄金,龙性狂焰,Diamond / 钻石,,,,
325c88c3-9496-44bf-b900-4adf1f84bf2f,Eccentric Etherwright (Gold),Eccentric Etherwright,怪奇以太匠,,,Gold / 黄金,Medium / 中型,5,500,50,Common / 通用,,,6,6,3,0,0,1,Always / 总是,True,False,4c1a67f6-f9b4-4a46-8481-d252a24544e7,Core,,,,,,,废料,Bronze / 青铜,力场,Silver / 白银,电钻,Silver / 白银,尖刺铁丝网,Silver / 白银,废料,Bronze / 青铜,暗做手脚,Bronze / 青铜,,,,
66e0b55f-022d-4c54-9558-ce7d077a01dd,Eccentric Etherwright (Silver),Eccentric Etherwright,怪奇以太匠,,,Silver / 白银,Medium / 中型,5,500,50,Common / 通用,,,6,6,3,0,0,1,Always / 总是,True,False,4c1a67f6-f9b4-4a46-8481-d252a24544e7,Core,,,,,,,废料,Bronze / 青铜,力场,Silver / 白银,电钻,Silver / 白银,尖刺铁丝网,Silver / 白银,废料,Bronze / 青铜,暗做手脚,Bronze / 青铜,,,,
338f3c4b-9238-41d2-a0e0-0d825cded307,Elite Duelist,Elite Duelist,精英决斗者,,,Bronze / 青铜,Medium / 中型,9,1800,50,Common / 通用,,,11,11,1,0,0,1,Always / 总是,True,False,f57b2a63-e4a2-4d9a-88b3-b1c3a3cf36d7,Core,,,,,,,左轮手枪,Gold / 黄金,Powder Flask,Silver / 白银,左轮手枪,Gold / 黄金,靴里剑,Silver / 白银,蝶剑,Silver / 白银,虚荣,Bronze / 青铜,,,,
bb1e3506-3735-4669-be90-915a55a7ee05,Fanged Inglet,Fanged Inglet,獠牙英格狼,,,Bronze / 青铜,Medium / 中型,1,15,50,Common / 通用,,DamageRef / 伤害引用,4,4,1,0,0,1,Always / 总是,True,False,d7391818-e677-4c98-994d-71e25ed2d41c,Core,,,,,,,兽皮,Bronze / 青铜,獠牙,Bronze / 青铜,兽皮,Bronze / 青铜,,,,,Wild Strength,Bronze / 青铜,,,,
21a485af-8811-4d38-bccb-be03a2dcca7f,Ferros Khan (Silver),Ferros Khan,菲罗斯汗,,,Silver / 白银,Medium / 中型,10,2200,50,Common / 通用,,,11,11,2,0,0,1,Always / 总是,True,False,c2fd54df-9cd2-4f61-ae6e-9b6c8cf87785,Core,,,,,,,暗影斗篷,Gold / 黄金,狙击步枪,Gold / 黄金,消音器,Gold / 黄金,木桶,Silver / 白银,伪装,Gold / 黄金,一发入魂,Bronze / 青铜,,,,
c7405d35-b9fd-49bb-8dcd-a412d7cb9022,Ferros Khan (Bronze),Ferros Khan,菲罗斯汗,,,Bronze / 青铜,Medium / 中型,10,2200,50,Common / 通用,,,12,12,1,0,0,1,Always / 总是,True,False,c2fd54df-9cd2-4f61-ae6e-9b6c8cf87785,Core,,,,,,,暗影斗篷,Gold / 黄金,狙击步枪,Gold / 黄金,消音器,Gold / 黄金,木桶,Silver / 白银,伪装,Gold / 黄金,一发入魂,Bronze / 青铜,,,,
cead2300-dce5-4c9c-82c4-e4c05d1923bf,Flame Juggler (Gold),Flame Juggler,舞火大师,,,Gold / 黄金,Medium / 中型,6,700,50,Common / 通用,,,7,7,3,0,0,1,Always / 总是,True,False,04747408-de0e-4944-b79d-23ca41008619,Core,,,,,,,余烬,Bronze / 青铜,打火机,Silver / 白银,岩浆核心,Silver / 白银,岩浆核心,Silver / 白银,岩浆核心,Silver / 白银,烈焰爆发,Bronze / 青铜,,,,
33d9d397-339e-4962-8e9f-1ed1604842ff,Flame Juggler (Silver),Flame Juggler,舞火大师,,,Silver / 白银,Medium / 中型,6,700,50,Common / 通用,,,7,7,2,0,0,1,Always / 总是,True,False,04747408-de0e-4944-b79d-23ca41008619,Core,,,,,,,余烬,Bronze / 青铜,打火机,Silver / 白银,岩浆核心,Silver / 白银,岩浆核心,Silver / 白银,岩浆核心,Silver / 白银,烈焰爆发,Bronze / 青铜,,,,
e417b047-a681-4e85-90b7-22ab71f73bf0,Frost Street Challenger (Bronze),Frost Street Challenger,霜猴勇士,,,Bronze / 青铜,Medium / 中型,4,300,50,Common / 通用,,,6,6,2,0,0,1,Always / 总是,True,False,e6782454-5c72-47f3-ac43-140f0cc7eb8f,Core,,,,,,,冰锥,Bronze / 青铜,壶铃,Bronze / 青铜,手斧,Silver / 白银,冰冻钝器,Silver / 白银,投掷捕兽网,Silver / 白银,雪暴,Bronze / 青铜,,,,
55046a2f-f81e-4720-aefa-e74b14a06dad,Frost Street Challenger (Silver),Frost Street Challenger,霜猴勇士,,,Silver / 白银,Medium / 中型,4,300,50,Common / 通用,,,5,5,2,0,0,1,Always / 总是,True,False,e6782454-5c72-47f3-ac43-140f0cc7eb8f,Core,,,,,,,冰锥,Bronze / 青铜,壶铃,Bronze / 青铜,手斧,Silver / 白银,冰冻钝器,Silver / 白银,投掷捕兽网,Silver / 白银,雪暴,Bronze / 青铜,,,,
45de3316-8847-4321-ba1c-83a808bad369,Frost Street Champion,Frost Street Champion,霜猴霸王,,,Gold / 黄金,Medium / 中型,12,3200,50,Common / 通用,,,13,13,3,0,0,1,Always / 总是,True,False,e873dbd7-86aa-4fec-9206-28591346939a,Core,,,,,,,冰山,Gold / 黄金,液氮锤,Diamond / 钻石,蓝宝石,Gold / 黄金,冰冻钝器,Gold / 黄金,霜冻药水,Gold / 黄金,暴雪,Bronze / 青铜,,,,
effadef8-9223-4e90-a423-605ec5eb4fe0,Greenheart Wounded Adventurer Ambush Giant Mosquito,Giant Mosquito,巨蚊,,,Bronze / 青铜,Medium / 中型,0,0,0,Common / 通用,,,2,2,2,0,1,1,Always / 总是,True,False,00000000-0000-0000-0000-000000000000,Core,,,,,,,,,,,,,,,,,,,,,,
1400ea5b-6492-4c41-9bf9-c7016973ee0a,Greenheart Help Jules Ambush Giant Mosquito,Giant Mosquito,巨蚊,,,Bronze / 青铜,Medium / 中型,0,0,0,Common / 通用,,,2,2,2,0,1,1,Always / 总是,False,False,00000000-0000-0000-0000-000000000000,Core,,,,,,,,,,,,,,,,,,,,,,
c69bf8e8-944c-4b42-b59e-8ad568e0d3f7,Giant Mosquito,Giant Mosquito,巨蚊,,,Bronze / 青铜,Medium / 中型,2,100,50,Common / 通用,,,4,4,1,0,0,1,Always / 总是,True,False,dd985314-939f-4388-86dc-50ef8e7c25b7,Core,,,,,,,虫翅,Bronze / 青铜,毒刺,Silver / 白银,琥珀,Bronze / 青铜,虫翅,Bronze / 青铜,,,疾速,Bronze / 青铜,,,,
581a229a-1490-4996-9fff-d189c08fd639,Greenheart Mak's Reagents Ambush,Giant Mosquito,巨蚊,,,Bronze / 青铜,Medium / 中型,0,0,0,Common / 通用,,,2,2,2,0,1,1,Always / 总是,False,False,00000000-0000-0000-0000-000000000000,Core,,,,,,,,,,,,,,,,,,,,,,
dbc00a8b-7fae-4792-a9da-698d3cd4f578,Gorgon Noble (Gold),Gorgon Noble,戈尔贡贵妇,,,Gold / 黄金,Medium / 中型,7,1000,50,Common / 通用,,,8,8,3,0,0,1,Always / 总是,True,False,20061be9-0823-41c8-afae-60f49073058f,Core,,,,,,,血瓶,Bronze / 青铜,黑玫瑰,Silver / 白银,发条匕首,Silver / 白银,颠茄,Silver / 白银,驯化蜘蛛,Silver / 白银,石化凝视,Bronze / 青铜,,,,
3cc29888-4a6b-468e-9cb1-0c6f88f7cb7b,Gorgon Noble (Silver),Gorgon Noble,戈尔贡贵妇,,,Silver / 白银,Medium / 中型,7,1000,50,Common / 通用,,,8,8,2,0,0,1,Always / 总是,True,False,20061be9-0823-41c8-afae-60f49073058f,Core,,,,,,,血瓶,Bronze / 青铜,黑玫瑰,Silver / 白银,发条匕首,Silver / 白银,颠茄,Silver / 白银,驯化蜘蛛,Silver / 白银,石化凝视,Bronze / 青铜,,,,
492c7f84-3cb2-40bb-8a55-29355143bee2,Hulking Experiment,Hulking Experiment,庞大实验体,,,Bronze / 青铜,Medium / 中型,10,2400,50,Common / 通用,,,12,12,1,0,0,1,Always / 总是,True,False,616ce451-b85d-478a-82a8-8a28105994f5,Core,,,,,,,炼金炉,Gold / 黄金,瓶装闪电,Silver / 白银,能量药水,Gold / 黄金,火焰药水,Silver / 白银,彩虹药水,Gold / 黄金,自适应军备,Gold / 黄金,,,,
7f95be65-d032-42d2-9e4b-ca2a579a380d,Infernal (Gold),Infernal,地狱大魔神,,,Gold / 黄金,Medium / 中型,9,1800,50,Common / 通用,,,10,10,3,0,0,1,Always / 总是,True,False,54030dd4-8051-4c21-abcd-9205df585ea5,Core,,,,,,,火爪,Gold / 黄金,岩浆核心,Silver / 白银,地狱巨剑,Diamond / 钻石,岩浆核心,Silver / 白银,红宝石,Silver / 白银,复仇,Bronze / 青铜,,,,
e3a8efa1-1dfc-4dd5-a1fe-7daaa8315e18,Infernal (Diamond),Infernal,地狱大魔神,,,Diamond / 钻石,Medium / 中型,9,1800,50,Common / 通用,,,10,10,4,0,0,1,Always / 总是,True,False,54030dd4-8051-4c21-abcd-9205df585ea5,Core,,,,,,,火爪,Gold / 黄金,岩浆核心,Silver / 白银,地狱巨剑,Diamond / 钻石,岩浆核心,Silver / 白银,红宝石,Silver / 白银,复仇,Bronze / 青铜,,,,
a75621b9-11a2-4405-8254-0e58a300110f,Infernal Envoy (Silver),Infernal Envoy,地狱使者,,,Silver / 白银,Medium / 中型,6,800,50,Common / 通用,,,7,7,2,0,0,1,Always / 总是,True,False,3f3d11c5-b943-45d1-80b3-a567130708f0,Core,,,,,,,余烬,Bronze / 青铜,火爪,Silver / 白银,日光矛,Silver / 白银,火爪,Silver / 白银,余烬,Bronze / 青铜,灼烧狂怒,Bronze / 青铜,,,,
0f15f62d-67c4-4564-91a3-c78a05ddce1d,Infernal Envoy (Bronze),Infernal Envoy,地狱使者,,,Bronze / 青铜,Medium / 中型,6,800,50,Common / 通用,,,8,8,1,0,0,1,Always / 总是,True,False,3f3d11c5-b943-45d1-80b3-a567130708f0,Core,,,,,,,余烬,Bronze / 青铜,火爪,Silver / 白银,日光矛,Silver / 白银,火爪,Silver / 白银,余烬,Bronze / 青铜,灼烧狂怒,Bronze / 青铜,,,,
5fa789a5-211c-46ba-891f-7467f387e37c,Infernal Frigate (Silver),Infernal Frigate,地狱飞艇,,,Silver / 白银,Medium / 中型,9,1800,50,Common / 通用,,,10,10,2,0,0,1,Always / 总是,True,False,f8cf1723-aa0c-4019-8c59-842cecda1c93,Core,,,,,,,抛石机,Gold / 黄金,火箭发射器,Silver / 白银,燃烧响炮,Silver / 白银,燃烧子弹,Gold / 黄金,燃烧响炮,Silver / 白银,引火者,Bronze / 青铜,,,,
d29f6522-e0f5-4e3b-87cf-5f4e332962c7,Infernal Frigate (Bronze),Infernal Frigate,地狱飞艇,,,Bronze / 青铜,Medium / 中型,9,1800,50,Common / 通用,,,11,11,1,0,0,1,Always / 总是,True,False,f8cf1723-aa0c-4019-8c59-842cecda1c93,Core,,,,,,,抛石机,Gold / 黄金,火箭发射器,Silver / 白银,燃烧响炮,Silver / 白银,燃烧子弹,Gold / 黄金,燃烧响炮,Silver / 白银,引火者,Bronze / 青铜,,,,
25a7a800-1c64-4728-a4fe-eb5a3f3394a0,Joyful Jack (Bronze),Joyful Jack,快乐杰克南瓜,,,Bronze / 青铜,Medium / 中型,8,1400,50,Common / 通用,,,10,10,1,0,0,1,Always / 总是,True,False,6d946fe1-13cc-4141-bc89-84981c4ef77f,Core,,,,,,,提取物,Gold / 黄金,黑玫瑰,Gold / 黄金,罂粟花田,Silver / 白银,多肉植物,Silver / 白银,果篮,Silver / 白银,等价交换,Bronze / 青铜,,,,
105b820e-34ee-484e-a7a1-011032ec7eec,Joyful Jack (Silver),Joyful Jack,快乐杰克南瓜,,,Silver / 白银,Medium / 中型,8,1400,50,Common / 通用,,,9,9,2,0,0,1,Always / 总是,True,False,6d946fe1-13cc-4141-bc89-84981c4ef77f,Core,,,,,,,提取物,Gold / 黄金,黑玫瑰,Gold / 黄金,罂粟花田,Silver / 白银,多肉植物,Silver / 白银,果篮,Silver / 白银,等价交换,Bronze / 青铜,,,,
c20ccde2-99be-462c-9b32-8a340ee8b017,Greenheart Help Merchant Help Kyver Drone,Kyver Drone,凯沃斯雄蜂,,,Bronze / 青铜,Medium / 中型,0,0,0,Common / 通用,,,0,0,2,0,1,1,Always / 总是,False,False,00000000-0000-0000-0000-000000000000,Core,,,,,,,,,,,,,,,,,,,,,,
bd0711a6-d9d9-4a47-8a18-8f991057f7dd,Kyver Drone,Kyver Drone,凯沃斯雄蜂,,,Bronze / 青铜,Medium / 中型,1,12,50,Common / 通用,,,4,4,1,0,0,1,Always / 总是,True,False,fc5aa4c0-8d87-457b-bc3c-2ebf0b07d12d,Core,,,,,,,虫翅,Bronze / 青铜,毒刺,Bronze / 青铜,虫翅,Bronze / 青铜,,,,,受训,Bronze / 青铜,,,,
d50543f3-132c-4c43-9230-50a5e96087d9,Loan Shark,Loan Shark,放贷鲨,,,Gold / 黄金,Medium / 中型,8,1400,50,Common / 通用,,,9,9,3,0,0,1,Always / 总是,True,False,ecb2508b-07b1-4712-a82a-fb47c433ed6a,Core,,,,,,,鳐鲨,Gold / 黄金,鲨齿爪,Silver / 白银,鲨齿爪,Silver / 白银,自动取款机,Silver / 白银,财源炮,Gold / 黄金,权力掮客,Silver / 白银,,,,
8f73d2d6-6071-4464-bb19-8e0783de4df0,Lord Arken,Lord Arken,阿肯领主,,,Legendary / 传奇,Medium / 中型,15,4500,50,Common / 通用,,,17,17,5,0,0,1,Always / 总是,True,False,6c87be29-e82d-4ce1-ac79-8a642b8e0c4f,Core,,,,,,,推进器,Gold / 黄金,加特林机枪,Gold / 黄金,蚀光舰,Diamond / 钻石,电池,Gold / 黄金,加特林机枪,Gold / 黄金,坚定不移,Gold / 黄金,,,,
fc59e9b3-88be-450c-b2dc-65d58a33d1d0,Lord of the Wastes,Lord of the Wastes,废土领主,,,Diamond / 钻石,Medium / 中型,13,3600,50,Common / 通用,,,14,14,4,0,0,1,Always / 总是,True,False,16038f84-3cec-4ccd-b58b-2ce974442142,Core,,,,,,,靴里剑,Gold / 黄金,摆锤,Gold / 黄金,盗龙轿辇,Diamond / 钻石,Genie Lamp,Diamond / 钻石,魔法飞毯,Gold / 黄金,凶风,Gold / 黄金,,,,
a871d83c-fbe0-4b38-b004-6cc598b31239,Master Alchemist,Master Alchemist,炼金大师,,,Bronze / 青铜,Medium / 中型,10,2000,50,Common / 通用,,,12,12,1,0,0,1,Always / 总是,True,False,8c211464-5961-449b-b5e9-b222c601e3c1,Core,,,,,,,研钵与研杵,Silver / 白银,折射棱镜,Silver / 白银,彩虹药水,Gold / 黄金,坩埚,Silver / 白银,彩虹药水,Gold / 黄金,上膛工具,Gold / 黄金,,,,
e2173dbc-e28d-4275-bd62-d79f98742202,Monster_Card_Template_23,Monster_Card_Template_23,,,,Bronze / 青铜,Medium / 中型,5,550,50,Common / 通用,,,4,4,2,0,1,1,Never / 从不,True,False,ee37ea07-e024-447c-b89f-88b9940c19af,Core,,,,,,,兽皮,Silver / 白银,兽皮,Silver / 白银,兽皮,Silver / 白银,兽皮,Silver / 白银,Shiny Fang,Diamond / 钻石,钻石獠牙,Gold / 黄金,,,,
f1bf592d-8e4a-44e6-982a-e84d6444f995,Monster_Card_Template_25,Monster_Card_Template_25,,,,Bronze / 青铜,Medium / 中型,8,1400,50,Common / 通用,,,4,4,2,0,1,1,Never / 从不,True,False,ecb2508b-07b1-4712-a82a-fb47c433ed6a,Core,,,,,,,鳐鲨,Gold / 黄金,鲨齿爪,Silver / 白银,鲨齿爪,Silver / 白银,自动取款机,Silver / 白银,财源炮,Gold / 黄金,权力掮客,Silver / 白银,,,,
76ece6a9-64d2-4e3a-a025-fbeef42979fe,Monster_Card_Template_26,Monster_Card_Template_26,,,,Bronze / 青铜,Medium / 中型,13,3800,50,Common / 通用,,,4,4,2,0,1,1,Never / 从不,True,False,58ba322d-a76c-4106-b91c-37ea207353a0,Core,,,,,,,巨龙翼,Silver / 白银,火爪,Gold / 黄金,巨龙牙,Gold / 黄金,巨龙心,Diamond / 钻石,巨龙牙,Gold / 黄金,龙性狂焰,Diamond / 钻石,,,,
a3533efb-2f16-408c-bd8c-6549da7a15bd,Monster_Card_Template_27,Monster_Card_Template_27,,,,Bronze / 青铜,Medium / 中型,10,2200,50,Common / 通用,,,4,4,2,0,1,1,Never / 从不,True,False,0a633def-7135-408c-bcc7-785f5172ee34,Core,,,,,,,燃烧子弹,Gold / 黄金,燃烧子弹,Gold / 黄金,燃烧子弹,Diamond / 钻石,Tommy Gun,Diamond / 钻石,燃烧子弹,Diamond / 钻石,Passive Aggressive,Gold / 黄金,,,,
98aa45a1-131f-40dd-a0fb-7fe7aa03e76a,Monster_Card_Template_28,Monster_Card_Template_28,,,,Bronze / 青铜,Medium / 中型,8,1200,50,Common / 通用,,,4,4,2,0,1,1,Never / 从不,True,False,67f30669-0e12-4d59-82fc-6b033fa064c3,Core,,,,,,,Thieves Guild Medallion,Diamond / 钻石,Toxic Concealed Dagger,Gold / 黄金,船锚,Silver / 白银,临时钝器,Silver / 白银,香料,Gold / 黄金,迎头痛击,Gold / 黄金,,,,
79535812-b324-4c22-9a32-76a47085841a,Monster_Card_Template_29,Monster_Card_Template_29,,,,Bronze / 青铜,Medium / 中型,11,2400,50,Common / 通用,,,4,4,2,0,1,1,Never / 从不,True,False,7f6cecb6-3f07-4606-8d62-21c0b5e4e369,Core,,,,,,,Obsidian Fang,Gold / 黄金,Shiny Fang,Gold / 黄金,Shiny Fang,Gold / 黄金,Obsidian Fang,Gold / 黄金,,,盾击,Bronze / 青铜,,,,
24096c44-06b5-46fb-b78b-75a2aa4ad8cd,Monster_Card_Template_32,Monster_Card_Template_32,,,,Bronze / 青铜,Medium / 中型,1,20,50,Common / 通用,,,4,4,2,0,1,1,Never / 从不,True,False,55823d26-5fa0-46ca-9d3d-50bbbff5068b,Core,,,,,,,Toxic Fang,Bronze / 青铜,獠牙,Bronze / 青铜,,,,,,,盾击,Bronze / 青铜,,,,
714edf41-cbc4-4d83-b36d-3c21441e613e,Monster_Card_Template_34,Monster_Card_Template_34,,,,Bronze / 青铜,Medium / 中型,1,20,50,Common / 通用,,,4,4,2,0,1,1,Never / 从不,True,False,8ef44226-7c66-417e-9f31-4cc636a68866,Core,,,,,,,Toxic Fang,Bronze / 青铜,獠牙,Bronze / 青铜,,,,,,,盾击,Bronze / 青铜,,,,
63dca7f0-c91c-4708-a863-de7efdbf474b,Monster_Card_Template_35,Monster_Card_Template_35,,,,Bronze / 青铜,Medium / 中型,1,20,50,Common / 通用,,,4,4,2,0,1,1,Never / 从不,True,False,867110c7-92f5-49d9-a074-2d687548e47e,Core,,,,,,,Toxic Fang,Bronze / 青铜,獠牙,Bronze / 青铜,,,,,,,盾击,Bronze / 青铜,,,,
7ae78456-3c1f-487f-ba54-870c1f8d3499,Monster_Card_Template_36,Monster_Card_Template_36,,,,Bronze / 青铜,Medium / 中型,1,20,50,Common / 通用,,,4,4,2,0,1,1,Never / 从不,True,False,55902c8f-01af-4234-bc56-852113c85ac9,Core,,,,,,,Toxic Fang,Bronze / 青铜,獠牙,Bronze / 青铜,,,,,,,盾击,Bronze / 青铜,,,,
ed86f269-562a-4610-8a1d-4b9fed9b8cb6,Monster_Card_Template_37,Monster_Card_Template_37,,,,Bronze / 青铜,Medium / 中型,1,20,50,Common / 通用,,,4,4,2,0,1,1,Never / 从不,True,False,3a2f9a4b-f573-46d4-a2ed-1ed0088da55b,Core,,,,,,,Toxic Fang,Bronze / 青铜,獠牙,Bronze / 青铜,,,,,,,盾击,Bronze / 青铜,,,,
9a9322c2-2a56-4810-8046-49dd3068868d,Monster_Card_Template_39,Monster_Card_Template_39,,,,Bronze / 青铜,Medium / 中型,1,20,50,Common / 通用,,,4,4,2,0,1,1,Never / 从不,True,False,80a6cd15-2213-493f-904f-fb6ce7c60270,Core,,,,,,,Toxic Fang,Bronze / 青铜,獠牙,Bronze / 青铜,,,,,,,盾击,Bronze / 青铜,,,,
52bb3a8c-dfda-4ef8-953e-27b45dd1f134,Monster_Card_Template_48,Monster_Card_Template_48,,,,Bronze / 青铜,Medium / 中型,1,20,50,Common / 通用,,,4,4,2,0,1,1,Never / 从不,True,False,479ad0ec-51a9-4d26-ba63-8062d3814619,Core,,,,,,,Toxic Fang,Bronze / 青铜,獠牙,Bronze / 青铜,,,,,,,盾击,Bronze / 青铜,,,,
72411b58-e99a-44a9-a43f-9767896c7508,Mr. Moo,Mr. Moo,黑牛先生,,,Diamond / 钻石,Medium / 中型,10,2200,50,Common / 通用,,,11,11,4,0,0,1,Always / 总是,True,False,0a633def-7135-408c-bcc7-785f5172ee34,Core,,,,,,,燃烧子弹,Gold / 黄金,燃烧子弹,Gold / 黄金,燃烧子弹,Diamond / 钻石,Tommy Gun,Diamond / 钻石,燃烧子弹,Diamond / 钻石,Passive Aggressive,Gold / 黄金,,,,
0b3c79ba-ff7f-40e6-b10d-98ab71716304,Oasis Guardian (Bronze),Oasis Guardian,绿洲守护神,,,Bronze / 青铜,Medium / 中型,9,1900,50,Common / 通用,,,11,11,1,0,0,1,Always / 总是,True,False,e18b8358-920d-48d7-b90c-37e455135991,Core,,,,,,,衔尾蛇雕像,Gold / 黄金,毒蜥,Gold / 黄金,昏睡药水,Silver / 白银,熏香,Silver / 白银,Fossilized Femur,Gold / 黄金,无尽水源,Bronze / 青铜,,,,
87ab01e1-55a7-4934-8201-b005b540616f,Oasis Guardian (Silver),Oasis Guardian,绿洲守护神,,,Silver / 白银,Medium / 中型,9,1900,50,Common / 通用,,,10,10,2,0,0,1,Always / 总是,True,False,e18b8358-920d-48d7-b90c-37e455135991,Core,,,,,,,衔尾蛇雕像,Gold / 黄金,毒蜥,Gold / 黄金,昏睡药水,Silver / 白银,熏香,Silver / 白银,Fossilized Femur,Gold / 黄金,无尽水源,Bronze / 青铜,,,,
91e59b0c-968c-4c45-9391-5104571fee28,Outlands Dervish,Outlands Dervish,荒原旋舞者,,,Bronze / 青铜,Medium / 中型,4,300,50,Common / 通用,,,6,6,1,0,0,1,Always / 总是,True,False,b3f9a83f-772b-4286-bf21-cd2d86a13b58,Core,,,,,,,零钱,Gold / 黄金,靴里剑,Silver / 白银,发条匕首,Silver / 白银,发条匕首,Silver / 白银,靴里剑,Silver / 白银,Quickening Winds,Bronze / 青铜,,,,
20b58ee9-3db0-4d8a-9bf6-afb8742a16a0,Financial District Triangle Investments Invest Return Event Show Off Uh Oh Preening Duelist,Preening Duelist,精致决斗士,,,Bronze / 青铜,Medium / 中型,0,0,0,Common / 通用,,,3,3,2,0,1,1,Always / 总是,True,False,00000000-0000-0000-0000-000000000000,Core,,,,,,,,,,,,,,,,,,,,,,
ae118438-c54d-4129-98d1-b576e4a4d380,Preening Duelist,Preening Duelist,精致决斗士,,,Bronze / 青铜,Medium / 中型,5,500,50,Common / 通用,,,7,7,1,0,0,1,Always / 总是,True,False,a0b78419-e252-4bdc-8861-4325ecbeadd0,Core,,,,,,,火药,Silver / 白银,Powder Flask,Silver / 白银,左轮手枪,Silver / 白银,炮弹,Silver / 白银,刺刀手枪,Gold / 黄金,光说不练,Bronze / 青铜,,,,
8b8ac0e2-565f-475a-b944-018627ee321c,PvP Encounter - End of Day,PvP Encounter - End of Day,PvP 遭遇战 - 日终,,,Bronze / 青铜,Medium / 中型,0,0,0,Common / 通用,,,0,0,0,0,0,1,Always / 总是,True,False,fa5f844d-d23a-4611-98d1-38fb7f6e6535,Core,,,,,,,,,,,,,,,,,,,,,,
b98f8dc6-5173-4882-a227-a3019c486c37,QA Test Monster,QA Test Monster,,,,Bronze / 青铜,Medium / 中型,20,999999,50,Common / 通用,,,4,4,2,0,1,1,Never / 从不,True,False,5b3da8f1-5834-4a8d-967f-f98e8989b26f,Core,,,,,,,零钱,Bronze / 青铜,零钱,Bronze / 青铜,,,,,,,盾击,Bronze / 青铜,,,,
608eb88e-c6d8-41c3-ac88-c20aeb185664,Radiant Corsair,Radiant Corsair,辉耀海盗,,,Legendary / 传奇,Medium / 中型,12,3000,50,Common / 通用,,,14,14,5,0,0,1,Always / 总是,True,False,a859bd39-a384-43e8-9299-08a73c6810a6,Core,,,,,,,抓钩,Gold / 黄金,船锚,Gold / 黄金,侦察望远镜,Silver / 白银,Fiery Katana,Gold / 黄金,灯塔,Gold / 黄金,炽焰重生,Bronze / 青铜,,,,
254b6aca-26a9-4014-86c3-0da827519c73,Roaming Isle,Roaming Isle,流浪岛屿,,,Gold / 黄金,Medium / 中型,11,2800,50,Common / 通用,,,12,12,3,0,0,1,Always / 总是,True,False,b40ae00e-f6df-4920-90a4-a49ea53fbdb5,Core,,,,,,,热带岛屿,Gold / 黄金,海螺壳,Gold / 黄金,宠物石,Gold / 黄金,毒须鲶,Gold / 黄金,水母,Gold / 黄金,防线强化,Bronze / 青铜,,,,
70e45a3a-3bf6-4097-aa14-be9e7d794914,Rogue Scrapper (Silver),Rogue Scrapper,暴走破碎机,,,Silver / 白银,Medium / 中型,4,300,50,Common / 通用,,,5,5,2,0,0,1,Always / 总是,True,False,b6ca5c91-632d-4093-87f9-cbd0d649740e,Core,,,,,,,废料,Bronze / 青铜,废品场大棒,Silver / 白银,废品场维修机器人,Silver / 白银,废料,Bronze / 青铜,,,铁锈,Bronze / 青铜,,,,
1eabe08b-2949-407d-b22d-c6e579e0cd14,Rogue Scrapper (Gold),Rogue Scrapper,暴走破碎机,,,Gold / 黄金,Medium / 中型,4,300,50,Common / 通用,,,5,5,3,0,0,1,Always / 总是,True,False,b6ca5c91-632d-4093-87f9-cbd0d649740e,Core,,,,,,,废料,Bronze / 青铜,废品场大棒,Silver / 白银,废品场维修机器人,Silver / 白银,废料,Bronze / 青铜,,,铁锈,Bronze / 青铜,,,,
47c042ba-707a-4e00-aea2-c1ed2ed880e5,Sabretooth,Sabretooth,剑齿虎,,,Bronze / 青铜,Medium / 中型,5,550,50,Common / 通用,,,7,7,1,0,0,1,Always / 总是,True,False,ee37ea07-e024-447c-b89f-88b9940c19af,Core,,,,,,,兽皮,Silver / 白银,兽皮,Silver / 白银,兽皮,Silver / 白银,兽皮,Silver / 白银,Shiny Fang,Diamond / 钻石,钻石獠牙,Gold / 黄金,,,,
04b60df4-91d9-4065-94e0-f9f462a3b104,Tempest Flamedancer,Tempest Flamedancer,,,,Bronze / 青铜,Medium / 中型,3,200,50,Common / 通用,,,5,5,1,0,0,1,Always / 总是,True,False,0a70a9ab-4508-4ff4-984e-9a20f0b3d517,Core,,,,,,,零钱,Silver / 白银,Fiery Cutlass,Bronze / 青铜,Fiery Cutlass,Bronze / 青铜,零钱,Silver / 白银,,,烈焰舞者,Bronze / 青铜,,,,
2b0437f4-6977-4f84-aeb6-6545cbf5632d,Thug,Thug,暴徒,,,Silver / 白银,Medium / 中型,8,1200,50,Common / 通用,,,9,9,2,0,0,1,Always / 总是,True,False,67f30669-0e12-4d59-82fc-6b033fa064c3,Core,,,,,,,Thieves Guild Medallion,Diamond / 钻石,Toxic Concealed Dagger,Gold / 黄金,船锚,Silver / 白银,临时钝器,Silver / 白银,香料,Gold / 黄金,迎头痛击,Gold / 黄金,,,,
068d7ed2-3716-4bab-9240-9d7ff63c6fa3,Training Dummy,Training Dummy,,,,Bronze / 青铜,Medium / 中型,1,10000,50,Common / 通用,,,4,4,2,0,1,1,Never / 从不,True,False,29549218-4198-44f1-8ebc-e118dd693ddb,Core,,,,,,,Bulky Package,Bronze / 青铜,,,,,,,,,,,,,,
a9b27854-6f5c-4414-b458-90c54c444171,Trash Golem (Silver),Trash Golem,垃圾魔像,,,Silver / 白银,Medium / 中型,7,1100,50,Common / 通用,,,8,8,2,0,0,1,Always / 总是,True,False,d34242a2-02b0-4361-9402-e216cb12d165,Core,,,,,,,废品场弹射机,Gold / 黄金,等离子手雷,Silver / 白银,手雷,Bronze / 青铜,剧毒药水,Bronze / 青铜,彩虹药水,Gold / 黄金,临修工匠,Bronze / 青铜,,,,
365122bf-7bb0-4fa3-93bd-06bf5a94e324,Trash Golem (Bronze),Trash Golem,垃圾魔像,,,Bronze / 青铜,Medium / 中型,7,1100,50,Common / 通用,,,9,9,1,0,0,1,Always / 总是,True,False,d34242a2-02b0-4361-9402-e216cb12d165,Core,,,,,,,废品场弹射机,Gold / 黄金,等离子手雷,Silver / 白银,手雷,Bronze / 青铜,剧毒药水,Bronze / 青铜,彩虹药水,Gold / 黄金,临修工匠,Bronze / 青铜,,,,
1e1f7b6d-746b-44d5-9906-fff137c75ef1,Trash Titan,Trash Titan,垃圾泰坦,,,Silver / 白银,Medium / 中型,11,2300,50,Common / 通用,,,12,12,2,0,2,1,Always / 总是,True,False,337c2af9-4815-4c14-b537-159f5fc80be3,Core,,,,,,,毒液,Silver / 白银,翡翠,Silver / 白银,催化剂,Gold / 黄金,废品场长枪,Diamond / 钻石,毒芹,Bronze / 青铜,杂耍,Gold / 黄金,,,,
7b768d49-b2cc-40f8-ab0f-2d0ed36a0c56,Treasure Turtle (Gold),Treasure Turtle,载宝海龟,,,Gold / 黄金,Medium / 中型,9,2000,50,Common / 通用,,,10,10,3,0,0,1,Always / 总是,True,False,23274e3a-c38d-4aff-92b6-599103256cee,Core,,,,,,,零钱,Diamond / 钻石,水草,Silver / 白银,海螺壳,Silver / 白银,龟壳,Gold / 黄金,毒须鲶,Gold / 黄金,暂避风头,Gold / 黄金,,,,
508e42ec-fdc6-4316-b1af-f85508d182b5,Treasure Turtle (Silver),Treasure Turtle,载宝海龟,,,Silver / 白银,Medium / 中型,9,2000,50,Common / 通用,,,10,10,2,0,0,1,Always / 总是,True,False,23274e3a-c38d-4aff-92b6-599103256cee,Core,,,,,,,零钱,Diamond / 钻石,水草,Silver / 白银,海螺壳,Silver / 白银,龟壳,Gold / 黄金,毒须鲶,Gold / 黄金,暂避风头,Gold / 黄金,,,,
96349563-bfb5-46ef-8dff-dbf1ff0d4196,Veteran Octopus (Monster),Veteran Octopus,,,,Legendary / 传奇,Medium / 中型,13,3600,50,Common / 通用,,,17,17,5,0,0,1,Always / 总是,True,False,50a31ea0-ed74-484a-b04b-30f6fe273958,Core,,,,,,,迷你弯刀,Gold / 黄金,迷你弯刀,Gold / 黄金,迷你弯刀,Gold / 黄金,迷你弯刀,Gold / 黄金,章鱼,Diamond / 钻石,军备竞赛,Bronze / 青铜,,,,
b79845a7-f806-4e7a-9011-d98ebd22a323,Viper,Viper,毒蛇,,,Bronze / 青铜,Medium / 中型,1,12,50,Common / 通用,,,4,4,1,0,0,1,Always / 总是,True,False,e07396b2-a71e-46e7-b32b-d9568585dd93,Core,,,,,,,腺体,Bronze / 青铜,Toxic Fang,Bronze / 青铜,腺体,Bronze / 青铜,,,,,狂怒一击,Bronze / 青铜,,,,
224ba8a9-3781-4403-8bfc-527b4e64b8aa,Viper Tyrant,Viper Tyrant,毒蛇暴君,,,Bronze / 青铜,Medium / 中型,7,1100,50,Common / 通用,,,9,9,1,0,0,1,Always / 总是,True,False,53c31151-ad92-4181-9720-d0825eea866b,Core,,,,,,,腺体,Silver / 白银,提取物,Bronze / 青铜,毒液,Silver / 白银,Toxic Fang,Silver / 白银,蛇怪之牙,Gold / 黄金,Revitalizing Toxins,Bronze / 青铜,,,,
f39e9af2-989b-41f8-b212-5333415edd23,Hour 6 PvP,Virtual PVP Alsace,虚拟 PVP 阿尔萨斯,,,Bronze / 青铜,Medium / 中型,0,0,0,Common / 通用,,,0,0,2,0,1,1,Always / 总是,True,False,fa5f844d-d23a-4611-98d1-38fb7f6e6535,Core,,,,,,,,,,,,,,,,,,,,,,
984203cc-9b23-4af6-af54-735b92f9c3c3,Virtual PVP Neltharion ,Virtual PVP Neltharion ,,,,Bronze / 青铜,Medium / 中型,0,0,0,Common / 通用,,,0,0,2,0,1,1,Always / 总是,True,False,fa5f844d-d23a-4611-98d1-38fb7f6e6535,Core,,,,,,,,,,,,,,,,,,,,,,
58477f3f-70f1-4000-9ad0-9e0f44b42349,Volkas Enforcer,Volkas Enforcer,沃卡斯打手,,,Gold / 黄金,Medium / 中型,12,3000,50,Common / 通用,,,13,13,3,0,0,1,Always / 总是,True,False,b54dbad3-bc06-481a-ba99-a2421c047665,Core,,,,,,,冰能球,Silver / 白银,寒冰特服,Gold / 黄金,秒表,Gold / 黄金,破冰尖镐,Gold / 黄金,小冰镐,Diamond / 钻石,霜寒专精,Bronze / 青铜,,,,
639c5575-5078-4ff8-8100-e73dce6f5400,Wandering Shoal (Silver),Wandering Shoal,流浪暗礁,,,Silver / 白银,Medium / 中型,10,2200,50,Common / 通用,,,11,11,2,0,0,1,Always / 总是,True,False,1177568a-757f-469f-9438-8f3bfeacd93f,Core,,,,,,,电鳗,Silver / 白银,毒须鲶,Gold / 黄金,水母,Gold / 黄金,食人鱼,Silver / 白银,琥珀,Gold / 黄金,厚皮,Bronze / 青铜,,,,
a04b33a7-eb29-456a-9a7c-63dd8553b872,Wandering Shoal (Gold),Wandering Shoal,流浪暗礁,,,Gold / 黄金,Medium / 中型,10,2200,50,Common / 通用,,,11,11,3,0,0,1,Always / 总是,True,False,1177568a-757f-469f-9438-8f3bfeacd93f,Core,,,,,,,电鳗,Silver / 白银,毒须鲶,Gold / 黄金,水母,Gold / 黄金,食人鱼,Silver / 白银,琥珀,Gold / 黄金,厚皮,Bronze / 青铜,,,,
